,Unnamed: 0_jes,Id,ID,Biorep 1 (10/31),Biorep 2 (11/4),Biorep 3 (7/21),lev_distance_CDRS_to_NGS_training_FACS_PSR,Biorep average,logistic_regression_onehot_CDRS,logistic_regression_CDRS_3mer,CDRS_IP_jes,hp_index,Unnamed: 0,domain_no,hmm_species,chain_type,e-value,score,seqstart_index,seqend_index,identity_species,v_gene,v_identity,j_gene,j_identity,1,2,3,4,5,6,7,8,9,10,11,12,13,14,15,16,17,18,19,20,21,22,23,24,25,26,27,28,29,30,31,32,33,34,35,36,37,38,39,40,41,42,43,44,45,46,47,48,49,50,51,52,53,54,55,56,57,58,59,60,61,62,63,64,65,66,67,68,69,70,71,72,73,74,75,76,77,78,79,80,81,82,83,84,85,86,87,88,89,90,91,92,93,94,95,96,97,98,99,100,101,102,103,104,105,106,107,108,109,110,111,111A,111B,111C,111D,111E,112E,112D,112C,112B,112A,112,113,114,115,116,117,118,119,120,121,122,123,124,125,126,127,128,CDR1_withgaps,CDR2_withgaps,CDR2_withgaps_full,CDR3_withgaps,CDRS_withgaps,CDR1_nogaps,CDR2_nogaps,CDR3_nogaps,CDR2_nogaps_full,CDRS_nogaps,CDRS_nogaps_full,CDRS_withgaps_full,CDRS_IP,CDRS_HP,CDR1_length,CDR2_length,CDR3_length,CDR1_glycosylation,CDR2_glycosylation,CDR3_glycosylation,origFACS lr onehot,origFACS lr 3mers,exp_phenotype_binary,origFACS cnn onehot,origFACS rnn onehot,deepFACS rnn onehot,deepFACS cnn onehot,deepFACS lr 3mer,deepFACS lr onehot
0,0,A02',A02',1.52929511,1.23359357,2.53933343,10,1.76740737,2.680475050371322,2.07786297589884,4.0500284194946286,0.9322580645161292,2,0,alpaca,H,3.9e-65,209.1,0,120,,,0.0,,0.0,Q,V,Q,L,V,E,S,G,G,-,G,L,V,Q,A,G,G,S,L,R,L,S,C,A,A,S,G,I,I,F,-,-,-,-,Y,V,Y,A,M,G,W,Y,R,Q,A,P,G,K,E,R,E,L,V,A,S,I,S,T,G,-,-,-,G,S,T,N,Y,A,D,S,V,K,-,G,R,F,T,I,S,R,D,N,A,K,N,T,V,Y,L,Q,M,N,S,L,K,P,E,D,T,A,V,Y,Y,C,A,A,D,A,G,V,Y,V,-,-,-,-,-,-,-,-,I,S,Y,L,V,D,Y,W,G,Q,G,T,Q,V,T,V,S,S,GIIFYVYA,SISTG-GST,SISTGG-GST,AADAGVYV-------ISYLVDY,GIIFYVYASISTG-GSTAADAGVYV-------ISYLVDY,GIIFYVYA,SISTGGST,AADAGVYVISYLVDY,SISTGGGST,GIIFYVYASISTGGSTAADAGVYVISYLVDY,GIIFYVYASISTGGGSTAADAGVYVISYLVDY,GIIFYVYASISTGG-GSTAADAGVYV-------ISYLVDY,4.0500284194946286,0.9322580645161292,8,8,15,False,False,False,2.679787609183113,2.07786297589884,1,0.9961338043212892,0.9455404281616212,0.8734890222549438,0.7668222188949585,1.89994090408202,1.7668636897145966
1,1,A9,A09,1.67152173,1.39193425,3.68691958,13,2.2501251866666667,2.4051393896682973,1.7088276985597015,4.352013969421387,-0.8344827586206898,5,0,alpaca,H,9.4e-63,201.4,0,118,,,0.0,,0.0,Q,V,Q,L,V,E,S,G,G,-,G,L,V,Q,A,G,G,S,L,R,L,S,C,A,A,S,G,K,Y,-,-,-,-,-,-,-,N,A,M,G,W,Y,R,Q,A,P,G,K,E,R,E,F,V,A,A,I,S,L,G,-,-,G,S,T,T,Y,Y,A,D,S,V,K,-,G,R,F,T,I,S,R,D,N,A,K,N,T,V,Y,L,Q,M,N,S,L,K,P,E,D,T,A,V,Y,Y,C,A,R,D,G,P,Y,D,A,-,-,-,-,-,-,-,-,H,S,L,E,D,D,Y,W,G,Q,G,T,Q,V,T,V,S,S,GKY---NA,AISLGGSTT,AISLGGGSTT,ARDGPYDA-------HSLEDDY,GKY---NAAISLGGSTTARDGPYDA-------HSLEDDY,GKYNA,AISLGGSTT,ARDGPYDAHSLEDDY,AISLGGGSTT,GKYNAAISLGGSTTARDGPYDAHSLEDDY,GKYNAAISLGGGSTTARDGPYDAHSLEDDY,GKY---NAAISLGGGSTTARDGPYDA-------HSLEDDY,4.352013969421387,-0.8344827586206898,5,9,15,False,False,False,2.404956792465924,1.7088276985597015,1,0.9994285702705384,0.9189741015434264,0.8865706920623779,0.8474640846252441,2.0106977703419635,3.0613301430282003
2,2,B3,B03,1.44283586,1.98041014,3.53870002,12,2.320648673333333,0.7136540061223446,0.9864271791238296,5.832840156555175,0.1058823529411764,14,0,alpaca,H,6.1e-65,208.4,0,123,,,0.0,,0.0,Q,V,Q,L,V,E,S,G,G,-,G,L,V,Q,A,G,G,S,L,R,L,S,C,A,A,S,G,R,I,F,-,-,-,-,S,G,N,A,M,G,W,Y,R,Q,A,P,G,K,E,R,E,L,V,A,A,I,T,F,S,-,-,G,G,S,T,N,Y,A,D,S,V,K,-,G,R,F,T,I,S,R,D,N,A,K,N,T,V,Y,L,Q,M,N,S,L,K,P,E,D,T,A,V,Y,Y,C,N,V,A,S,S,D,G,Y,Y,-,-,-,-,-,-,Y,F,A,I,G,Y,G,Y,W,G,Q,G,T,Q,V,T,V,S,S,GRIFSGNA,AITFSGGST,AITFSSGGST,NVASSDGYY-----YFAIGYGY,GRIFSGNAAITFSGGSTNVASSDGYY-----YFAIGYGY,GRIFSGNA,AITFSGGST,NVASSDGYYYFAIGYGY,AITFSSGGST,GRIFSGNAAITFSGGSTNVASSDGYYYFAIGYGY,GRIFSGNAAITFSSGGSTNVASSDGYYYFAIGYGY,GRIFSGNAAITFSSGGSTNVASSDGYY-----YFAIGYGY,5.832840156555175,0.1058823529411764,8,9,17,False,False,False,0.7144737226889493,0.9864271791238296,1,0.9555639028549194,0.8661664128303528,0.8888052701950073,0.6939395070075989,1.2070293348426688,1.5352819224975969
3,3,B7,B07,1.60079329,1.67057776,4.15544869,11,2.47560658,4.002229162653856,2.21304282659776,4.0500284194946286,-0.215625,7,0,alpaca,H,7.2e-63,201.7,0,120,,,0.0,,0.0,Q,V,Q,L,V,E,S,G,G,-,G,L,V,Q,A,G,G,S,L,R,L,S,C,A,A,S,G,F,I,F,-,-,-,-,H,Y,Y,V,M,G,W,Y,R,Q,A,P,G,K,E,R,E,L,V,A,A,I,T,S,D,-,-,-,D,S,T,-,Y,A,D,S,V,K,-,G,R,F,T,I,S,R,D,N,A,K,N,T,V,Y,L,Q,M,N,S,L,K,P,E,D,T,A,V,Y,Y,C,A,V,D,V,W,Y,S,T,-,-,-,-,-,-,-,D,H,F,S,D,Y,D,Y,W,G,Q,G,T,Q,V,T,V,S,S,GFIFHYYV,AITSD-DST,AITSDD-DST,AVDVWYST------DHFSDYDY,GFIFHYYVAITSD-DSTAVDVWYST------DHFSDYDY,GFIFHYYV,AITSDDST,AVDVWYSTDHFSDYDY,AITSDDDST,GFIFHYYVAITSDDSTAVDVWYSTDHFSDYDY,GFIFHYYVAITSDDDSTAVDVWYSTDHFSDYDY,GFIFHYYVAITSDD-DSTAVDVWYST------DHFSDYDY,4.0500284194946286,-0.215625,8,8,16,False,False,False,4.001927295142324,2.21304282659776,1,0.993382215499878,0.9434813857078552,0.8706486821174622,0.876815676689148,2.204516058336984,3.0675875068931417
4,4,A05',A05',1.79639332,1.14417671,4.56016644,12,2.50024549,2.6611718373788498,1.0843633993475013,4.78012523651123,-1.0,0,0,alpaca,H,1.1e-66,214.0,0,122,,,0.0,,0.0,Q,V,Q,L,V,E,S,G,G,-,G,L,V,Q,A,G,G,S,L,R,L,S,C,A,A,S,G,S,I,F,-,-,-,-,R,R,N,A,M,G,W,Y,R,Q,A,P,G,K,E,R,E,L,V,A,R,I,S,W,S,-,-,G,G,S,T,Y,Y,A,D,S,V,K,-,G,R,F,T,I,S,R,D,N,A,K,N,T,V,Y,L,Q,M,N,S,L,K,P,E,D,T,A,V,Y,Y,C,N,A,D,N,E,D,Y,L,-,-,-,-,-,-,-,K,V,Q,S,D,M,D,Y,W,G,Q,G,T,Q,V,T,V,S,S,GSIFRRNA,RISWSGGST,RISWSSGGST,NADNEDYL------KVQSDMDY,GSIFRRNARISWSGGSTNADNEDYL------KVQSDMDY,GSIFRRNA,RISWSGGST,NADNEDYLKVQSDMDY,RISWSSGGST,GSIFRRNARISWSGGSTNADNEDYLKVQSDMDY,GSIFRRNARISWSSGGSTNADNEDYLKVQSDMDY,GSIFRRNARISWSSGGSTNADNEDYL------KVQSDMDY,4.78012523651123,-1.0,8,9,16,False,False,False,2.6605812430896747,1.0843633993475013,1,0.999902367591858,0.972024142742157,0.8642935156822205,0.8561070561408997,0.5661934564044591,1.3885208982444983
5,5,C02',C02',1.88401046,1.82643853,4.09245502,15,2.600968003333333,0.3139524166762242,0.6344824575711567,9.401891899108886,-0.391891891891892,9,0,alpaca,H,9.4e-64,204.6,0,126,,,0.0,,0.0,Q,V,Q,L,V,E,S,G,G,-,G,L,V,Q,A,G,G,S,L,R,L,S,C,A,A,S,G,R,T,F,-,-,-,-,T,Y,N,A,M,G,W,Y,R,Q,A,P,G,K,E,R,E,L,V,A,R,I,S,F,S,-,-,T,G,S,T,Y,Y,A,D,S,V,K,-,G,R,F,T,I,S,R,D,N,A,K,N,T,V,Y,L,Q,M,N,S,L,K,P,E,D,T,A,V,Y,Y,C,A,V,S,T,T,S,F,G,A,Q,-,-,-,T,G,Y,G,P,Y,P,Y,G,Y,W,G,Q,G,T,Q,V,T,V,S,S,GRTFTYNA,RISFSTGST,RISFSSTGST,AVSTTSFGAQ--TGYGPYPYGY,GRTFTYNARISFSTGSTAVSTTSFGAQ--TGYGPYPYGY,GRTFTYNA,RISFSTGST,AVSTTSFGAQTGYGPYPYGY,RISFSSTGST,GRTFTYNARISFSTGSTAVSTTSFGAQTGYGPYPYGY,GRTFTYNARISFSSTGSTAVSTTSFGAQTGYGPYPYGY,GRTFTYNARISFSSTGSTAVSTTSFGAQ--TGYGPYPYGY,9.401891899108886,-0.391891891891892,8,9,20,False,False,False,0.31344668430982,0.6344824575711567,1,0.0152572588995099,0.5376702547073364,0.8265461921691895,0.75215083360672,0.8524585100802091,0.9662130565777112
6,6,C01',C01',1.195052,1.69348019,5.07575446,11,2.6547622166666667,3.3380737824430846,2.315588017398256,4.3702592849731445,0.6193548387096774,8,0,alpaca,H,7.4e-66,211.4,0,120,,,0.0,,0.0,Q,V,Q,L,V,E,S,G,G,-,G,L,V,Q,A,G,G,S,L,R,L,S,C,A,A,S,G,S,I,F,-,-,-,-,L,L,Y,A,M,G,W,Y,R,Q,A,P,G,K,E,R,E,L,V,A,A,I,T,I,G,-,-,-,G,S,T,N,Y,A,D,S,V,K,-,G,R,F,T,I,S,R,D,N,A,K,N,T,V,Y,L,Q,M,N,S,L,K,P,E,D,T,A,V,Y,Y,C,N,A,P,E,V,I,R,P,-,-,-,-,-,-,-,-,Y,F,V,A,Y,D,Y,W,G,Q,G,T,Q,V,T,V,S,S,GSIFLLYA,AITIG-GST,AITIGG-GST,NAPEVIRP-------YFVAYDY,GSIFLLYAAITIG-GSTNAPEVIRP-------YFVAYDY,GSIFLLYA,AITIGGST,NAPEVIRPYFVAYDY,AITIGGGST,GSIFLLYAAITIGGSTNAPEVIRPYFVAYDY,GSIFLLYAAITIGGGSTNAPEVIRPYFVAYDY,GSIFLLYAAITIGG-GSTNAPEVIRP-------YFVAYDY,4.3702592849731445,0.6193548387096774,8,8,15,False,False,False,3.338504293970038,2.315588017398256,1,0.9876811504364014,0.786902129650116,0.8876028656959534,0.8253504037857056,1.6104217571422952,1.8596503912536648
7,7,D7,D07,1.50235955,1.87560166,5.582122,9,2.9866944033333334,2.074456428773493,2.12362370247778,4.0500284194946286,-0.2625,6,0,alpaca,H,5.1e-66,211.9,0,121,,,0.0,,0.0,Q,V,Q,L,V,E,S,G,G,-,G,L,V,Q,A,G,G,S,L,R,L,S,C,A,A,S,G,S,T,L,-,-,-,-,Y,G,Y,V,M,G,W,Y,R,Q,A,P,G,K,E,R,E,L,V,A,A,I,T,D,S,-,-,G,G,S,T,Y,Y,A,D,S,V,K,-,G,R,F,T,I,S,R,D,N,A,K,N,T,V,Y,L,Q,M,N,S,L,K,P,E,D,T,A,V,Y,Y,C,A,A,D,Y,P,Y,F,Y,-,-,-,-,-,-,-,-,Y,V,K,S,Y,D,Y,W,G,Q,G,T,Q,V,T,V,S,S,GSTLYGYV,AITDSGGST,AITDSSGGST,AADYPYFY-------YVKSYDY,GSTLYGYVAITDSGGSTAADYPYFY-------YVKSYDY,GSTLYGYV,AITDSGGST,AADYPYFYYVKSYDY,AITDSSGGST,GSTLYGYVAITDSGGSTAADYPYFYYVKSYDY,GSTLYGYVAITDSSGGSTAADYPYFYYVKSYDY,GSTLYGYVAITDSSGGSTAADYPYFY-------YVKSYDY,4.0500284194946286,-0.2625,8,9,15,False,False,False,2.075081954902254,2.12362370247778,1,0.7562140226364136,0.8393754959106445,0.904472291469574,0.7827950119972229,1.5957446136244562,1.6981018486492925
8,8,A12',A12',2.33548896,1.39630136,6.2132449,9,3.3150117400000005,0.506925482960908,1.3950181980997811,4.207813453674317,-0.1566666666666667,4,0,alpaca,H,7.9e-66,211.3,0,118,,,0.0,,0.0,Q,V,Q,L,V,E,S,G,G,-,G,L,V,Q,A,G,G,S,L,R,L,S,C,A,A,S,G,S,T,F,-,-,-,-,Y,Y,Y,A,M,G,W,Y,R,Q,A,P,G,K,E,R,E,L,V,A,V,I,S,W,S,-,-,G,G,S,T,-,Y,A,D,S,V,K,-,G,R,F,T,I,S,R,D,N,A,K,N,T,V,Y,L,Q,M,N,S,L,K,P,E,D,T,A,V,Y,Y,C,A,A,G,A,Y,K,P,-,-,-,-,-,-,-,-,-,-,V,D,T,S,D,Y,W,G,Q,G,T,Q,V,T,V,S,S,GSTFYYYA,VISWSGGST,VISWSSGGST,AAGAYKP---------VDTSDY,GSTFYYYAVISWSGGSTAAGAYKP---------VDTSDY,GSTFYYYA,VISWSGGST,AAGAYKPVDTSDY,VISWSSGGST,GSTFYYYAVISWSGGSTAAGAYKPVDTSDY,GSTFYYYAVISWSSGGSTAAGAYKPVDTSDY,GSTFYYYAVISWSSGGSTAAGAYKP---------VDTSDY,4.207813453674317,-0.1566666666666667,8,9,13,False,False,False,0.508754565996947,1.3950181980997811,1,0.7559657096862793,0.7105967998504639,0.826692521572113,0.7304085493087769,1.2545047615105585,0.6936226856161622
9,9,H4,H04,1.27920432,2.05364967,8.15012076,10,3.82765825,1.9112750166878207,2.01678453508,4.536456489562989,-0.3,13,0,alpaca,H,1.8e-66,213.4,0,121,,,0.0,,0.0,Q,V,Q,L,V,E,S,G,G,-,G,L,V,Q,A,G,G,S,L,R,L,S,C,A,A,S,G,F,I,F,-,-,-,-,R,Y,N,A,M,G,W,Y,R,Q,A,P,G,K,E,R,E,L,V,A,T,I,T,S,S,-,-,D,G,S,T,Y,Y,A,D,S,V,K,-,G,R,F,T,I,S,R,D,N,A,K,N,T,V,Y,L,Q,M,N,S,L,K,P,E,D,T,A,V,Y,Y,C,A,E,F,W,V,G,V,Y,-,-,-,-,-,-,-,-,N,H,P,G,Y,D,Y,W,G,Q,G,T,Q,V,T,V,S,S,GFIFRYNA,TITSSDGST,TITSSSDGST,AEFWVGVY-------NHPGYDY,GFIFRYNATITSSDGSTAEFWVGVY-------NHPGYDY,GFIFRYNA,TITSSDGST,AEFWVGVYNHPGYDY,TITSSSDGST,GFIFRYNATITSSDGSTAEFWVGVYNHPGYDY,GFIFRYNATITSSSDGSTAEFWVGVYNHPGYDY,GFIFRYNATITSSSDGSTAEFWVGVY-------NHPGYDY,4.536456489562989,-0.3,8,9,15,False,False,False,1.9090889281247057,2.0167845350799998,1,0.9978808164596558,0.932491421699524,0.9176227450370787,0.6270086169242859,1.0039582332876853,1.6883416028916949
10,10,D11',D11',2.68461702,1.12833275,7.74329535,12,3.8520817066666666,3.063086118155728,3.458723415395576,4.428973960876465,-0.703125,1,0,alpaca,H,9e-65,207.9,0,121,,,0.0,,0.0,Q,V,Q,L,V,E,S,G,G,-,G,L,V,Q,A,G,G,S,L,R,L,S,C,A,A,S,G,S,I,F,-,-,-,-,G,D,N,A,M,G,W,Y,R,Q,A,P,G,K,E,R,E,L,V,A,T,I,T,F,R,-,-,G,A,G,T,Y,Y,A,D,S,V,K,-,G,R,F,T,I,S,R,D,N,A,K,N,T,V,Y,L,Q,M,N,S,L,K,P,E,D,T,A,V,Y,Y,C,A,K,D,Y,W,S,A,W,-,-,-,-,-,-,-,-,Q,N,N,G,Y,D,Y,W,G,Q,G,T,Q,V,T,V,S,S,GSIFGDNA,TITFRGAGT,TITFRRGAGT,AKDYWSAW-------QNNGYDY,GSIFGDNATITFRGAGTAKDYWSAW-------QNNGYDY,GSIFGDNA,TITFRGAGT,AKDYWSAWQNNGYDY,TITFRRGAGT,GSIFGDNATITFRGAGTAKDYWSAWQNNGYDY,GSIFGDNATITFRRGAGTAKDYWSAWQNNGYDY,GSIFGDNATITFRRGAGTAKDYWSAW-------QNNGYDY,4.428973960876465,-0.703125,8,9,15,False,False,False,3.0635880363051085,3.458723415395576,1,0.9998602867126464,0.9108591079711914,0.9215449690818788,0.7992663383483887,1.968883647345684,1.6660636150346144
11,11,D04',D04',1.44587435,2.0469296,8.33211978,8,3.9416412433333328,1.2236063496573069,-0.0144352199668975,4.207813453674317,-0.7678571428571429,10,0,alpaca,H,1.8e-64,206.9,0,117,,,0.0,,0.0,Q,V,Q,L,V,E,S,G,G,-,G,L,V,Q,A,G,G,S,L,R,L,S,C,A,A,S,G,S,T,S,-,-,-,-,W,R,N,A,M,G,W,Y,R,Q,A,P,G,K,E,R,E,L,V,A,A,I,S,T,G,-,-,-,G,N,T,Y,Y,A,D,S,V,K,-,G,R,F,T,I,S,R,D,N,A,K,N,T,V,Y,L,Q,M,N,S,L,K,P,E,D,T,A,V,Y,Y,C,A,A,Y,D,A,S,-,-,-,-,-,-,-,-,-,-,-,Q,Y,G,Y,D,Y,W,G,Q,G,T,Q,V,T,V,S,S,GSTSWRNA,AISTG-GNT,AISTGG-GNT,AAYDAS----------QYGYDY,GSTSWRNAAISTG-GNTAAYDAS----------QYGYDY,GSTSWRNA,AISTGGNT,AAYDASQYGYDY,AISTGGGNT,GSTSWRNAAISTGGNTAAYDASQYGYDY,GSTSWRNAAISTGGGNTAAYDASQYGYDY,GSTSWRNAAISTGG-GNTAAYDAS----------QYGYDY,4.207813453674317,-0.7678571428571429,8,8,12,False,False,False,1.222674891761504,-0.0144352199668975,1,0.9812238216400146,0.8891178369522095,0.8261815309524536,0.5694476366043091,0.3155779291465665,0.6833861556497121
12,12,G1,G01,3.099494,2.94275028,8.5811336,9,4.8744592933333335,2.801260686239916,2.196612114455726,4.0500284194946286,0.2857142857142856,16,0,alpaca,H,4.1e-66,212.2,0,117,,,0.0,,0.0,Q,V,Q,L,V,E,S,G,G,-,G,L,V,Q,A,G,G,S,L,R,L,S,C,A,A,S,G,I,I,F,-,-,-,-,N,G,Y,A,M,G,W,Y,R,Q,A,P,G,K,E,R,E,L,V,A,A,I,T,D,D,-,-,G,T,S,T,Y,Y,A,D,S,V,K,-,G,R,F,T,I,S,R,D,N,A,K,N,T,V,Y,L,Q,M,N,S,L,K,P,E,D,T,A,V,Y,Y,C,A,A,D,G,G,L,-,-,-,-,-,-,-,-,-,-,-,-,V,D,F,Y,Y,W,G,Q,G,T,Q,V,T,V,S,S,GIIFNGYA,AITDDGTST,AITDDDGTST,AADGGL-----------VDFYY,GIIFNGYAAITDDGTSTAADGGL-----------VDFYY,GIIFNGYA,AITDDGTST,AADGGLVDFYY,AITDDDGTST,GIIFNGYAAITDDGTSTAADGGLVDFYY,GIIFNGYAAITDDDGTSTAADGGLVDFYY,GIIFNGYAAITDDDGTSTAADGGL-----------VDFYY,4.0500284194946286,0.2857142857142856,8,9,11,False,False,False,2.8011749582212486,2.196612114455726,1,0.9855706691741944,0.8995842933654785,0.8568323254585266,0.8602063655853271,2.166574953508317,2.696229021684123
13,13,G2,G02,10.1455399,1.20095121,4.07050098,10,5.138997363333333,1.996202251564377,1.8485980761838137,4.0500284194946286,-0.2333333333333333,3,0,alpaca,H,5.6e-66,211.8,0,119,,,0.0,,0.0,Q,V,Q,L,V,E,S,G,G,-,G,L,V,Q,A,G,G,S,L,R,L,S,C,A,A,S,G,S,I,L,-,-,-,-,L,P,Y,A,M,G,W,Y,R,Q,A,P,G,K,E,R,E,L,V,A,T,I,S,S,S,-,-,G,G,S,T,Y,Y,A,D,S,V,K,-,G,R,F,T,I,S,R,D,N,A,K,N,T,V,Y,L,Q,M,N,S,L,K,P,E,D,T,A,V,Y,Y,C,A,V,E,Q,Y,S,N,-,-,-,-,-,-,-,-,-,-,Y,L,E,N,D,Y,W,G,Q,G,T,Q,V,T,V,S,S,GSILLPYA,TISSSGGST,TISSSSGGST,AVEQYSN---------YLENDY,GSILLPYATISSSGGSTAVEQYSN---------YLENDY,GSILLPYA,TISSSGGST,AVEQYSNYLENDY,TISSSSGGST,GSILLPYATISSSGGSTAVEQYSNYLENDY,GSILLPYATISSSSGGSTAVEQYSNYLENDY,GSILLPYATISSSSGGSTAVEQYSN---------YLENDY,4.0500284194946286,-0.2333333333333333,8,9,13,False,False,False,1.9961050301956376,1.8485980761838137,1,0.9691370725631714,0.9141513109207152,0.8828570246696472,0.8219372630119324,1.8003139483429589,2.1206258909396083
14,14,A5,A05,1.87704276,2.13937532,12.3706728,11,5.462363626666666,-0.524952989962006,1.004117185699848,4.0500284194946286,-0.4600000000000001,11,0,alpaca,H,4.8e-57,182.9,0,112,,,0.0,,0.0,Q,V,Q,L,V,E,S,G,G,-,G,L,V,Q,A,G,G,S,L,R,L,S,C,A,-,-,G,Y,-,-,-,-,-,-,-,-,-,A,M,G,W,Y,R,Q,A,P,G,K,E,R,E,L,V,A,T,I,S,G,S,-,-,G,G,S,T,Y,Y,A,D,S,V,K,-,G,R,F,T,I,S,R,D,N,A,K,N,T,V,Y,L,Q,M,N,S,L,K,P,E,D,T,A,V,Y,Y,C,A,A,A,Y,W,D,Y,-,-,-,-,-,-,-,-,-,-,S,Y,E,Y,Y,Y,W,G,Q,G,T,Q,V,T,V,S,S,GY-----A,TISGSGGST,TISGSSGGST,AAAYWDY---------SYEYYY,GY-----ATISGSGGSTAAAYWDY---------SYEYYY,GYA,TISGSGGST,AAAYWDYSYEYYY,TISGSSGGST,GYATISGSGGSTAAAYWDYSYEYYY,GYATISGSSGGSTAAAYWDYSYEYYY,GY-----ATISGSSGGSTAAAYWDY---------SYEYYY,4.0500284194946286,-0.4600000000000001,3,9,13,False,False,False,-0.5255747553921655,1.004117185699848,1,0.0545968189835548,0.659410834312439,0.8871780037879944,0.784020721912384,1.118339524717456,0.4763506613140261
15,15,A12,A12,3.94809661,6.25542441,8.37554145,11,6.193020823333334,1.0085842210321254,0.0664184680015087,8.299224662780762,-0.3483870967741936,18,0,alpaca,H,2.4e-66,213.0,0,120,,,0.0,,0.0,Q,V,Q,L,V,E,S,G,G,-,G,L,V,Q,A,G,G,S,L,R,L,S,C,A,A,S,G,R,I,F,-,-,-,-,S,G,Y,A,M,G,W,Y,R,Q,A,P,G,K,E,R,E,L,V,A,T,I,T,Y,T,-,-,G,G,S,T,Y,Y,A,D,S,V,K,-,G,R,F,T,I,S,R,D,N,A,K,N,T,V,Y,L,Q,M,N,S,L,K,P,E,D,T,A,V,Y,Y,C,N,T,S,P,Y,Y,V,-,-,-,-,-,-,-,-,-,A,D,L,R,Y,Y,Y,W,G,Q,G,T,Q,V,T,V,S,S,GRIFSGYA,TITYTGGST,TITYTTGGST,NTSPYYV--------ADLRYYY,GRIFSGYATITYTGGSTNTSPYYV--------ADLRYYY,GRIFSGYA,TITYTGGST,NTSPYYVADLRYYY,TITYTTGGST,GRIFSGYATITYTGGSTNTSPYYVADLRYYY,GRIFSGYATITYTTGGSTNTSPYYVADLRYYY,GRIFSGYATITYTTGGSTNTSPYYV--------ADLRYYY,8.299224662780762,-0.3483870967741936,8,9,14,False,False,False,1.0113090330215868,0.0664184680015087,1,0.2780061066150665,0.7539635896682739,0.8580018877983093,0.8558194637298584,0.8646755538308393,1.2144185761705917
16,16,G6,G06,3.28242467,3.00126032,12.4270844,8,6.23692313,0.0060723261277282,-0.139078077110575,8.378327369689941,-0.5642857142857143,15,0,alpaca,H,1.5e-66,213.7,0,117,,,0.0,,0.0,Q,V,Q,L,V,E,S,G,G,-,G,L,V,Q,A,G,G,S,L,R,L,S,C,A,A,S,G,S,T,F,-,-,-,-,G,A,N,T,M,G,W,Y,R,Q,A,P,G,K,E,R,E,L,V,A,A,I,S,W,S,-,-,G,G,T,T,Y,Y,A,D,S,V,K,-,G,R,F,T,I,S,R,D,N,A,K,N,T,V,Y,L,Q,M,N,S,L,K,P,E,D,T,A,V,Y,Y,C,A,R,Y,K,Y,P,-,-,-,-,-,-,-,-,-,-,-,-,A,D,Y,G,Y,W,G,Q,G,T,Q,V,T,V,S,S,GSTFGANT,AISWSGGTT,AISWSSGGTT,ARYKYP-----------ADYGY,GSTFGANTAISWSGGTTARYKYP-----------ADYGY,GSTFGANT,AISWSGGTT,ARYKYPADYGY,AISWSSGGTT,GSTFGANTAISWSGGTTARYKYPADYGY,GSTFGANTAISWSSGGTTARYKYPADYGY,GSTFGANTAISWSSGGTTARYKYP-----------ADYGY,8.378327369689941,-0.5642857142857143,8,9,11,False,False,False,0.0063337291746054,-0.139078077110575,1,0.5152276158332825,0.3144181966781616,0.6337820887565613,0.6610319018363953,0.2325415810097229,0.1338612999731757
17,17,B11,B11,2.15516325,4.56785939,12.7060149,14,6.476345846666667,2.869179785012994,2.0014117758468,8.517127799987794,-0.7111111111111111,17,0,alpaca,H,4.7e-63,202.3,0,125,,,0.0,,0.0,Q,V,Q,L,V,E,S,G,G,-,G,L,V,Q,A,G,G,S,L,R,L,S,C,A,A,S,G,S,T,F,-,-,-,-,S,S,N,A,M,G,W,Y,R,Q,A,P,G,K,E,R,E,L,V,A,S,I,N,S,G,-,-,-,D,S,T,Y,Y,A,D,S,V,K,-,G,R,F,T,I,S,R,D,N,A,K,N,T,V,Y,L,Q,M,N,S,L,K,P,E,D,T,A,V,Y,Y,C,A,V,V,R,F,G,T,R,P,S,-,-,-,H,I,R,H,T,H,E,Y,Y,Y,W,G,Q,G,T,Q,V,T,V,S,S,GSTFSSNA,SINSG-DST,SINSGG-DST,AVVRFGTRPS--HIRHTHEYYY,GSTFSSNASINSG-DSTAVVRFGTRPS--HIRHTHEYYY,GSTFSSNA,SINSGDST,AVVRFGTRPSHIRHTHEYYY,SINSGGDST,GSTFSSNASINSGDSTAVVRFGTRPSHIRHTHEYYY,GSTFSSNASINSGGDSTAVVRFGTRPSHIRHTHEYYY,GSTFSSNASINSGG-DSTAVVRFGTRPS--HIRHTHEYYY,8.517127799987794,-0.7111111111111111,8,8,20,False,False,False,2.86995862908154,2.0014117758467997,1,0.990540623664856,0.8980100154876709,0.8748147487640381,0.6766906976699829,0.6843573018601126,1.2419410317304769
18,18,B10,B10,1.82460231,7.73087092,17.1302837,15,8.89525231,5.064929062803166,1.927299400419015,4.0500284194946286,-0.0450000000000001,19,0,alpaca,H,1.5999999999999999e-62,200.6,0,129,,,0.0,,0.0,Q,V,Q,L,V,E,S,G,G,-,G,L,V,Q,A,G,G,S,L,R,L,S,C,A,A,S,G,S,I,F,-,-,-,-,V,Y,N,A,M,G,W,Y,R,Q,A,P,G,K,E,R,E,L,V,A,A,I,T,Y,S,-,-,G,D,D,T,Y,Y,A,D,S,V,K,-,G,R,F,T,I,S,R,D,N,A,K,N,T,V,Y,L,Q,M,N,S,L,K,P,E,D,T,A,V,Y,Y,C,A,A,E,Y,V,E,G,V,L,S,I,Y,G,R,S,W,V,Y,N,T,Y,D,Y,W,G,Q,G,T,Q,V,T,V,S,S,GSIFVYNA,AITYSGDDT,AITYSSGDDT,AAEYVEGVLSIGRSWVYNTYDY,GSIFVYNAAITYSGDDTAAEYVEGVLSIGRSWVYNTYDY,GSIFVYNA,AITYSGDDT,AAEYVEGVLSIGRSWVYNTYDY,AITYSSGDDT,GSIFVYNAAITYSGDDTAAEYVEGVLSIGRSWVYNTYDY,GSIFVYNAAITYSSGDDTAAEYVEGVLSIGRSWVYNTYDY,GSIFVYNAAITYSSGDDTAAEYVEGVLSIGRSWVYNTYDY,4.0500284194946286,-0.0128205128205129,8,9,22,False,False,False,5.06498037317583,2.239958943532791,1,0.9991161227226256,0.8655735850334167,0.8897743225097656,0.9167434573173524,2.1058119526134385,3.031324617598508
19,19,C09',C09',2.23273174,2.36495617,25.4051271,12,10.000938336666668,1.908012583067908,1.3464412721244627,9.229632377624512,-0.7771428571428574,12,0,alpaca,H,2.9e-66,212.7,0,124,,,0.0,,0.0,Q,V,Q,L,V,E,S,G,G,-,G,L,V,Q,A,G,G,S,L,R,L,S,C,A,A,S,G,R,I,F,-,-,-,-,G,R,N,A,M,G,W,Y,R,Q,A,P,G,K,E,R,E,L,V,A,A,I,S,W,S,-,-,G,G,N,T,Y,Y,A,D,S,V,K,-,G,R,F,T,I,S,R,D,N,A,K,N,T,V,Y,L,Q,M,N,S,L,K,P,E,D,T,A,V,Y,Y,C,A,K,D,V,S,Y,P,Y,K,-,-,-,-,-,V,T,W,H,Y,Q,Y,D,Y,W,G,Q,G,T,Q,V,T,V,S,S,GRIFGRNA,AISWSGGNT,AISWSSGGNT,AKDVSYPYK----VTWHYQYDY,GRIFGRNAAISWSGGNTAKDVSYPYK----VTWHYQYDY,GRIFGRNA,AISWSGGNT,AKDVSYPYKVTWHYQYDY,AISWSSGGNT,GRIFGRNAAISWSGGNTAKDVSYPYKVTWHYQYDY,GRIFGRNAAISWSSGGNTAKDVSYPYKVTWHYQYDY,GRIFGRNAAISWSSGGNTAKDVSYPYK----VTWHYQYDY,9.229632377624512,-0.7771428571428574,8,9,18,False,False,False,1.9056509633617889,1.3464412721244627,1,0.2429537177085876,0.7874769568443298,0.7473039627075195,0.5870464444160461,0.3709671748930625,0.4280731990667459
20,20,B02',B02',5.76524363,8.37394105,20.4994357,12,11.546206793333331,0.8561272119830665,1.493900842185811,9.305898475646972,-0.914285714285714,21,0,alpaca,H,6.6e-66,211.6,0,124,,,0.0,,0.0,Q,V,Q,L,V,E,S,G,G,-,G,L,V,Q,A,G,G,S,L,R,L,S,C,A,A,S,G,S,T,F,-,-,-,-,T,Y,N,T,M,G,W,Y,R,Q,A,P,G,K,E,R,E,L,V,A,S,I,S,S,T,-,-,G,G,S,T,Y,Y,A,D,S,V,K,-,G,R,F,T,I,S,R,D,N,A,K,N,T,V,Y,L,Q,M,N,S,L,K,P,E,D,T,A,V,Y,Y,C,A,K,T,G,V,R,A,R,Y,-,-,-,-,-,P,Y,R,W,G,D,Y,D,Y,W,G,Q,G,T,Q,V,T,V,S,S,GSTFTYNT,SISSTGGST,SISSTTGGST,AKTGVRARY----PYRWGDYDY,GSTFTYNTSISSTGGSTAKTGVRARY----PYRWGDYDY,GSTFTYNT,SISSTGGST,AKTGVRARYPYRWGDYDY,SISSTTGGST,GSTFTYNTSISSTGGSTAKTGVRARYPYRWGDYDY,GSTFTYNTSISSTTGGSTAKTGVRARYPYRWGDYDY,GSTFTYNTSISSTTGGSTAKTGVRARY----PYRWGDYDY,9.305898475646972,-0.914285714285714,8,9,18,False,False,False,0.8558254738260025,1.493900842185811,1,0.0097522400319576,0.8320145010948181,0.781233549118042,0.4242378771305084,0.0341386295459802,0.4210352723138458
21,21,B9,B09,3.93456932,8.06754803,30.8082734,10,14.27013025,-0.4002275479951223,-0.5456420246148908,9.400602531433105,-0.6000000000000001,20,0,alpaca,H,4.6e-65,208.8,0,121,,,0.0,,0.0,Q,V,Q,L,V,E,S,G,G,-,G,L,V,Q,A,G,G,S,L,R,L,S,C,A,A,S,G,S,I,F,-,-,-,-,V,D,N,A,M,G,W,Y,R,Q,A,P,G,K,E,R,E,L,V,A,S,I,T,W,R,-,-,G,G,R,T,S,Y,A,D,S,V,K,-,G,R,F,T,I,S,R,D,N,A,K,N,T,V,Y,L,Q,M,N,S,L,K,P,E,D,T,A,V,Y,Y,C,N,K,V,S,Y,R,S,W,-,-,-,-,-,-,-,-,Y,Y,P,A,F,D,Y,W,G,Q,G,T,Q,V,T,V,S,S,GSIFVDNA,SITWRGGRT,SITWRRGGRT,NKVSYRSW-------YYPAFDY,GSIFVDNASITWRGGRTNKVSYRSW-------YYPAFDY,GSIFVDNA,SITWRGGRT,NKVSYRSWYYPAFDY,SITWRRGGRT,GSIFVDNASITWRGGRTNKVSYRSWYYPAFDY,GSIFVDNASITWRRGGRTNKVSYRSWYYPAFDY,GSIFVDNASITWRRGGRTNKVSYRSW-------YYPAFDY,9.400602531433105,-0.6000000000000001,8,9,15,False,False,False,-0.3984139744447618,-0.5456420246148908,1,0.0963884815573692,0.4883825480937958,0.9799075126647948,0.5632362961769104,-1.3982075093993953,-0.408090003863414
22,22,D8,D08,8.00538914,14.0412755,21.2045007,11,14.417055113333332,1.071465841474888,0.8529639326894016,4.0500284194946286,-0.1411764705882353,24,0,alpaca,H,5.4e-63,202.1,0,123,,,0.0,,0.0,Q,V,Q,L,V,E,S,G,G,-,G,L,V,Q,A,G,G,S,L,R,L,S,C,A,A,S,G,S,T,F,-,-,-,-,G,T,Y,A,M,G,W,Y,R,Q,A,P,G,K,E,R,E,L,V,A,A,I,S,G,G,-,-,-,G,N,T,N,Y,A,D,S,V,K,-,G,R,F,T,I,S,R,D,N,A,K,N,T,V,Y,L,Q,M,N,S,L,K,P,E,D,T,A,V,Y,Y,C,A,A,D,W,Y,T,Y,T,W,-,-,-,-,-,G,F,G,Y,S,I,Y,Y,Y,W,G,Q,G,T,Q,V,T,V,S,S,GSTFGTYA,AISGG-GNT,AISGGG-GNT,AADWYTYTW----GFGYSIYYY,GSTFGTYAAISGG-GNTAADWYTYTW----GFGYSIYYY,GSTFGTYA,AISGGGNT,AADWYTYTWGFGYSIYYY,AISGGGGNT,GSTFGTYAAISGGGNTAADWYTYTWGFGYSIYYY,GSTFGTYAAISGGGGNTAADWYTYTWGFGYSIYYY,GSTFGTYAAISGGG-GNTAADWYTYTW----GFGYSIYYY,4.0500284194946286,-0.1411764705882353,8,8,18,False,False,False,1.0700403941363368,0.8529639326894016,1,0.9698598980903624,0.7626097202301025,0.8817965984344482,0.6239274144172668,0.5600914350832906,0.805992891328708
23,23,F10',F10',7.58036914,16.632649,24.9338623,8,16.38229348,-0.4202739813824133,0.5653064861955817,10.256678199768068,-0.7592592592592593,27,0,alpaca,H,8.1e-66,211.3,0,116,,,0.0,,0.0,Q,V,Q,L,V,E,S,G,G,-,G,L,V,Q,A,G,G,S,L,R,L,S,C,A,A,S,G,S,T,F,-,-,-,-,W,W,Y,A,M,G,W,Y,R,Q,A,P,G,K,E,R,E,L,V,A,T,I,S,R,G,-,-,-,G,S,T,N,Y,A,D,S,V,K,-,G,R,F,T,I,S,R,D,N,A,K,N,T,V,Y,L,Q,M,N,S,L,K,P,E,D,T,A,V,Y,Y,C,A,R,K,T,R,D,-,-,-,-,-,-,-,-,-,-,-,-,I,R,L,D,Y,W,G,Q,G,T,Q,V,T,V,S,S,GSTFWWYA,TISRG-GST,TISRGG-GST,ARKTRD-----------IRLDY,GSTFWWYATISRG-GSTARKTRD-----------IRLDY,GSTFWWYA,TISRGGST,ARKTRDIRLDY,TISRGGGST,GSTFWWYATISRGGSTARKTRDIRLDY,GSTFWWYATISRGGGSTARKTRDIRLDY,GSTFWWYATISRGG-GSTARKTRD-----------IRLDY,10.256678199768068,-0.7592592592592593,8,8,11,False,False,False,-0.4203507454814938,0.5653064861955817,1,0.0423471070826053,0.5978640913963318,0.4387593269348144,0.3721181750297546,-0.7409272423700615,-1.1181018787076826
24,24,B2,B02,5.28205805,15.703748,30.4664954,8,17.15076715,-0.6827700975179962,-0.2692971363198599,4.0500284194946286,-0.0225806451612902,26,0,alpaca,H,3.8000000000000003e-66,212.3,0,120,,,0.0,,0.0,Q,V,Q,L,V,E,S,G,G,-,G,L,V,Q,A,G,G,S,L,R,L,S,C,A,A,S,G,S,T,F,-,-,-,-,G,L,Y,A,M,G,W,Y,R,Q,A,P,G,K,E,R,E,L,V,A,A,I,T,W,S,-,-,G,G,T,T,Y,Y,A,D,S,V,K,-,G,R,F,T,I,S,R,D,N,A,K,N,T,V,Y,L,Q,M,N,S,L,K,P,E,D,T,A,V,Y,Y,C,A,A,E,V,Y,T,Y,-,-,-,-,-,-,-,-,-,Y,W,Y,S,Y,Y,Y,W,G,Q,G,T,Q,V,T,V,S,S,GSTFGLYA,AITWSGGTT,AITWSSGGTT,AAEVYTY--------YWYSYYY,GSTFGLYAAITWSGGTTAAEVYTY--------YWYSYYY,GSTFGLYA,AITWSGGTT,AAEVYTYYWYSYYY,AITWSSGGTT,GSTFGLYAAITWSGGTTAAEVYTYYWYSYYY,GSTFGLYAAITWSSGGTTAAEVYTYYWYSYYY,GSTFGLYAAITWSSGGTTAAEVYTY--------YWYSYYY,4.0500284194946286,-0.0225806451612902,8,9,14,False,False,False,-0.6833087810141565,-0.2692971363198599,1,0.0899652317166328,0.182554692029953,0.5903631448745728,0.3159247934818268,0.2862476768250337,0.2993675588342391
25,25,G01',G01',9.60424349,14.888925,29.3051694,11,17.932779296666666,-1.3516227051021077,-1.0517135898131402,4.684465217590332,-0.1129032258064516,23,0,alpaca,H,4.7e-65,208.8,0,120,,,0.0,,0.0,Q,V,Q,L,V,E,S,G,G,-,G,L,V,Q,A,G,G,S,L,R,L,S,C,A,A,S,G,I,T,F,-,-,-,-,D,R,Y,V,M,G,W,Y,R,Q,A,P,G,K,E,R,E,F,V,A,V,I,S,R,G,-,-,-,G,R,T,Y,Y,A,D,S,V,K,-,G,R,F,T,I,S,R,D,N,A,K,N,T,V,Y,L,Q,M,N,S,L,K,P,E,D,T,A,V,Y,Y,C,A,A,S,V,L,L,Y,W,-,-,-,-,-,-,-,-,Y,W,G,E,D,D,Y,W,G,Q,G,T,Q,V,T,V,S,S,GITFDRYV,VISRG-GRT,VISRGG-GRT,AASVLLYW-------YWGEDDY,GITFDRYVVISRG-GRTAASVLLYW-------YWGEDDY,GITFDRYV,VISRGGRT,AASVLLYWYWGEDDY,VISRGGGRT,GITFDRYVVISRGGRTAASVLLYWYWGEDDY,GITFDRYVVISRGGGRTAASVLLYWYWGEDDY,GITFDRYVVISRGG-GRTAASVLLYW-------YWGEDDY,4.684465217590332,-0.1129032258064516,8,8,15,False,False,False,-1.3520626158562532,-1.0517135898131402,1,0.0056625604629516,0.4113300740718841,0.2907558381557464,0.3477727472782135,-0.7428218757095246,-1.005841763689004
26,26,D9,D09,30.8680173,8.24366359,19.1930168,14,19.43489923,4.019162626141002,2.793860729847814,4.108799934387206,-0.7162162162162163,22,0,alpaca,H,8.6e-64,204.7,0,126,,,0.0,,0.0,Q,V,Q,L,V,E,S,G,G,-,G,L,V,Q,A,G,G,S,L,R,L,S,C,A,A,S,G,R,T,F,-,-,-,-,H,W,N,A,M,G,W,Y,R,Q,A,P,G,K,E,R,E,L,V,A,D,I,T,S,G,-,-,-,G,S,T,Y,Y,A,D,S,V,K,-,G,R,F,T,I,S,R,D,N,A,K,N,T,V,Y,L,Q,M,N,S,L,K,P,E,D,T,A,V,Y,Y,C,A,A,D,W,F,I,W,W,R,D,D,-,-,Y,Y,A,G,Y,D,L,Y,D,Y,W,G,Q,G,T,Q,V,T,V,S,S,GRTFHWNA,DITSG-GST,DITSGG-GST,AADWFIWWRDD-YYAGYDLYDY,GRTFHWNADITSG-GSTAADWFIWWRDD-YYAGYDLYDY,GRTFHWNA,DITSGGST,AADWFIWWRDDYYAGYDLYDY,DITSGGGST,GRTFHWNADITSGGSTAADWFIWWRDDYYAGYDLYDY,GRTFHWNADITSGGGSTAADWFIWWRDDYYAGYDLYDY,GRTFHWNADITSGG-GSTAADWFIWWRDD-YYAGYDLYDY,4.108799934387206,-0.7162162162162163,8,8,21,False,False,False,4.019909101118968,2.793860729847814,1,0.998961329460144,0.8850939273834229,0.886044442653656,0.65248042345047,2.039619020247934,1.7505312829610422
27,27,F11',F11',12.6550488,23.701657,24.1824094,0,20.179705066666667,-1.1261576117776773,-0.8071996833065087,9.40098934173584,-0.5400000000000001,28,0,alpaca,H,2e-67,216.4,0,119,,,0.0,,0.0,Q,V,Q,L,V,E,S,G,G,-,G,L,V,Q,A,G,G,S,L,R,L,S,C,A,A,S,G,S,T,F,-,-,-,-,H,H,Y,A,M,G,W,Y,R,Q,A,P,G,K,E,R,E,L,V,A,A,I,T,T,S,-,-,G,G,R,T,Y,Y,A,D,S,V,K,-,G,R,F,T,I,S,R,D,N,A,K,N,T,V,Y,L,Q,M,N,S,L,K,P,E,D,T,A,V,Y,Y,C,A,A,D,R,F,F,Y,-,-,-,-,-,-,-,-,-,-,R,G,G,Y,Y,Y,W,G,Q,G,T,Q,V,T,V,S,S,GSTFHHYA,AITTSGGRT,AITTSSGGRT,AADRFFY---------RGGYYY,GSTFHHYAAITTSGGRTAADRFFY---------RGGYYY,GSTFHHYA,AITTSGGRT,AADRFFYRGGYYY,AITTSSGGRT,GSTFHHYAAITTSGGRTAADRFFYRGGYYY,GSTFHHYAAITTSSGGRTAADRFFYRGGYYY,GSTFHHYAAITTSSGGRTAADRFFY---------RGGYYY,9.40098934173584,-0.5400000000000001,8,9,13,False,False,False,-1.1266483202969204,-0.8071996833065087,1,0.1055665537714958,0.0667062103748321,0.5089425444602966,0.5188604593276978,-0.5435160958148031,-0.5447699288782232
28,28,B10',B10',18.7775204,15.5182519,27.3037465,9,20.533172933333333,0.323863978650519,1.0521693992487786,4.0500284194946286,0.25625,25,0,alpaca,H,4.1e-67,215.5,0,121,,,0.0,,0.0,Q,V,Q,L,V,E,S,G,G,-,G,L,V,Q,A,G,G,S,L,R,L,S,C,A,A,S,G,F,I,F,-,-,-,-,Y,Y,N,A,M,G,W,Y,R,Q,A,P,G,K,E,R,E,L,V,A,A,I,T,W,G,-,-,G,G,S,T,Y,Y,A,D,S,V,K,-,G,R,F,T,I,S,R,D,N,A,K,N,T,V,Y,L,Q,M,N,S,L,K,P,E,D,T,A,V,Y,Y,C,N,V,L,F,I,A,Q,G,-,-,-,-,-,-,-,-,S,G,W,T,Y,D,Y,W,G,Q,G,T,Q,V,T,V,S,S,GFIFYYNA,AITWGGGST,AITWGGGGST,NVLFIAQG-------SGWTYDY,GFIFYYNAAITWGGGSTNVLFIAQG-------SGWTYDY,GFIFYYNA,AITWGGGST,NVLFIAQGSGWTYDY,AITWGGGGST,GFIFYYNAAITWGGGSTNVLFIAQGSGWTYDY,GFIFYYNAAITWGGGGSTNVLFIAQGSGWTYDY,GFIFYYNAAITWGGGGSTNVLFIAQG-------SGWTYDY,4.0500284194946286,0.25625,8,9,15,False,False,False,0.3242710272508187,1.0521693992487786,1,0.6853779554367065,0.8035930395126343,0.8208508491516113,0.4804069697856903,0.8241846537536599,0.7443881193461683
29,29,D6,D06,21.1437461,27.6888693,34.7930632,9,27.8752262,0.1898593379856787,-1.0671056251403137,9.868707466125484,-0.4625000000000001,30,0,alpaca,H,9e-64,204.7,0,121,,,0.0,,0.0,Q,V,Q,L,V,E,S,G,G,-,G,L,V,Q,A,G,G,S,L,R,L,S,C,A,A,S,G,R,I,F,-,-,-,-,G,Y,Y,A,M,G,W,Y,R,Q,A,P,G,K,E,R,E,L,V,A,V,I,R,G,G,-,-,-,V,S,T,N,Y,A,D,S,V,K,-,G,R,F,T,I,S,R,D,N,A,K,N,T,V,Y,L,Q,M,N,S,L,K,P,E,D,T,A,V,Y,Y,C,N,A,R,R,Y,W,A,F,-,-,-,-,-,-,-,N,A,Y,S,K,Y,D,Y,W,G,Q,G,T,Q,V,T,V,S,S,GRIFGYYA,VIRGG-VST,VIRGGG-VST,NARRYWAF------NAYSKYDY,GRIFGYYAVIRGG-VSTNARRYWAF------NAYSKYDY,GRIFGYYA,VIRGGVST,NARRYWAFNAYSKYDY,VIRGGGVST,GRIFGYYAVIRGGVSTNARRYWAFNAYSKYDY,GRIFGYYAVIRGGGVSTNARRYWAFNAYSKYDY,GRIFGYYAVIRGGG-VSTNARRYWAF------NAYSKYDY,9.868707466125484,-0.4625000000000001,8,8,16,False,False,False,0.1891770727752146,-1.0671056251403137,1,0.235473483800888,0.623404324054718,0.2527465224266052,0.4579862058162689,-1.2332009953542902,-1.2798224111334675
30,30,F2,F02,13.7188814,28.446788,44.657624,10,28.9410978,0.3052017908003371,-0.2813117343153919,8.34338550567627,-0.3062500000000001,31,0,alpaca,H,6.1e-65,208.4,0,121,,,0.0,,0.0,Q,V,Q,L,V,E,S,G,G,-,G,L,V,Q,A,G,G,S,L,R,L,S,C,A,A,S,G,R,I,F,-,-,-,-,Y,S,N,A,M,G,W,Y,R,Q,A,P,G,K,E,R,E,L,V,A,A,I,T,F,S,-,-,G,A,S,T,Y,Y,A,D,S,V,K,-,G,R,F,T,I,S,R,D,N,A,K,N,T,V,Y,L,Q,M,N,S,L,K,P,E,D,T,A,V,Y,Y,C,A,A,E,H,Y,N,W,V,-,-,-,-,-,-,-,-,S,S,Y,R,Y,Y,Y,W,G,Q,G,T,Q,V,T,V,S,S,GRIFYSNA,AITFSGAST,AITFSSGAST,AAEHYNWV-------SSYRYYY,GRIFYSNAAITFSGASTAAEHYNWV-------SSYRYYY,GRIFYSNA,AITFSGAST,AAEHYNWVSSYRYYY,AITFSSGAST,GRIFYSNAAITFSGASTAAEHYNWVSSYRYYY,GRIFYSNAAITFSSGASTAAEHYNWVSSYRYYY,GRIFYSNAAITFSSGASTAAEHYNWV-------SSYRYYY,8.34338550567627,-0.3062500000000001,8,9,15,False,False,False,0.3048341724456362,-0.2813117343153919,1,0.8134644627571106,0.7359066605567932,0.8160216808319092,0.4481015503406524,0.1995454712411215,0.1674470574474525
31,31,F1,F01,22.0722388,26.3441969,43.9744904,8,30.79697536666667,-1.838704991708486,-1.137321194783362,8.377876091003419,-0.0166666666666667,29,0,alpaca,H,5.4e-67,215.1,0,119,,,0.0,,0.0,Q,V,Q,L,V,E,S,G,G,-,G,L,V,Q,A,G,G,S,L,R,L,S,C,A,A,S,G,F,I,F,-,-,-,-,D,S,Y,A,M,G,W,Y,R,Q,A,P,G,K,E,R,E,L,V,A,A,I,T,S,S,-,-,G,G,T,T,Y,Y,A,D,S,V,K,-,G,R,F,T,I,S,R,D,N,A,K,N,T,V,Y,L,Q,M,N,S,L,K,P,E,D,T,A,V,Y,Y,C,A,V,R,S,T,F,R,-,-,-,-,-,-,-,-,-,-,W,Y,G,Y,Y,Y,W,G,Q,G,T,Q,V,T,V,S,S,GFIFDSYA,AITSSGGTT,AITSSSGGTT,AVRSTFR---------WYGYYY,GFIFDSYAAITSSGGTTAVRSTFR---------WYGYYY,GFIFDSYA,AITSSGGTT,AVRSTFRWYGYYY,AITSSSGGTT,GFIFDSYAAITSSGGTTAVRSTFRWYGYYY,GFIFDSYAAITSSSGGTTAVRSTFRWYGYYY,GFIFDSYAAITSSSGGTTAVRSTFR---------WYGYYY,8.377876091003419,-0.0166666666666667,8,9,13,False,False,False,-1.8398982983010272,-1.137321194783362,1,0.0583840869367122,0.1234581097960472,0.4186405837535858,0.2887173891067505,-1.157705135660426,-0.7017579177399055
32,32,F10,F10,27.9459804,40.399419,41.4027441,8,36.5827145,-2.084644361512159,-2.8656367931899203,9.696641349792484,0.1964285714285713,35,0,alpaca,H,7.3e-66,211.4,0,117,,,0.0,,0.0,Q,V,Q,L,V,E,S,G,G,-,G,L,V,Q,A,G,G,S,L,R,L,S,C,A,A,S,G,S,T,F,-,-,-,-,L,L,Y,A,M,G,W,Y,R,Q,A,P,G,K,E,R,E,L,V,A,A,I,S,W,S,-,-,G,S,R,T,Y,Y,A,D,S,V,K,-,G,R,F,T,I,S,R,D,N,A,K,N,T,V,Y,L,Q,M,N,S,L,K,P,E,D,T,A,V,Y,Y,C,A,A,R,S,G,F,-,-,-,-,-,-,-,-,-,-,-,-,A,G,Y,G,Y,W,G,Q,G,T,Q,V,T,V,S,S,GSTFLLYA,AISWSGSRT,AISWSSGSRT,AARSGF-----------AGYGY,GSTFLLYAAISWSGSRTAARSGF-----------AGYGY,GSTFLLYA,AISWSGSRT,AARSGFAGYGY,AISWSSGSRT,GSTFLLYAAISWSGSRTAARSGFAGYGY,GSTFLLYAAISWSSGSRTAARSGFAGYGY,GSTFLLYAAISWSSGSRTAARSGF-----------AGYGY,9.696641349792484,0.1964285714285713,8,9,11,False,False,False,-2.0848054155969464,-2.8656367931899203,1,0.4168227612972259,0.0569781772792339,0.2766734361648559,0.265948086977005,-0.993044445922504,-0.605122827259399
33,33,F09',F09',13.132302,37.2634948,60.0220292,9,36.805942,-1.009365595222139,-1.245156686388719,4.684465217590332,-0.8310344827586207,33,0,alpaca,H,3.7000000000000004e-65,209.1,0,118,,,0.0,,0.0,Q,V,Q,L,V,E,S,G,G,-,G,L,V,Q,A,G,G,S,L,R,L,S,C,A,A,S,G,G,T,F,-,-,-,-,V,R,Y,A,M,G,W,Y,R,Q,A,P,G,K,E,R,E,L,V,A,A,I,S,S,R,-,-,G,D,R,T,Y,Y,A,D,S,V,K,-,G,R,F,T,I,S,R,D,N,A,K,N,T,V,Y,L,Q,M,N,S,L,K,P,E,D,T,A,V,Y,Y,C,N,T,V,Y,Y,T,-,-,-,-,-,-,-,-,-,-,-,D,S,E,Y,D,S,W,G,Q,G,T,Q,V,T,V,S,S,GGTFVRYA,AISSRGDRT,AISSRRGDRT,NTVYYT----------DSEYDS,GGTFVRYAAISSRGDRTNTVYYT----------DSEYDS,GGTFVRYA,AISSRGDRT,NTVYYTDSEYDS,AISSRRGDRT,GGTFVRYAAISSRGDRTNTVYYTDSEYDS,GGTFVRYAAISSRRGDRTNTVYYTDSEYDS,GGTFVRYAAISSRRGDRTNTVYYT----------DSEYDS,4.684465217590332,-0.8310344827586207,8,9,12,False,False,False,-1.0068923710675517,-1.245156686388719,1,0.0032078535296022,0.0823922380805015,0.7563644051551819,0.5513591766357422,-1.2360695859318636,-0.8589187246876303
34,34,H11,H11,23.7386121,52.7290992,54.0386335,7,43.50211493333334,-3.133013515621824,-2.8488640402039254,9.98971462249756,-0.8833333333333334,39,0,alpaca,H,1.6e-67,216.8,0,119,,,0.0,,0.0,Q,V,Q,L,V,E,S,G,G,-,G,L,V,Q,A,G,G,S,L,R,L,S,C,A,A,S,G,S,T,F,-,-,-,-,R,Y,Y,A,M,G,W,Y,R,Q,A,P,G,K,E,R,E,L,V,A,A,I,T,R,S,-,-,G,A,S,T,Y,Y,A,D,S,V,K,-,G,R,F,T,I,S,R,D,N,A,K,N,T,V,Y,L,Q,M,N,S,L,K,P,E,D,T,A,V,Y,Y,C,A,A,R,S,K,W,N,-,-,-,-,-,-,-,-,-,-,Y,G,R,Y,E,Y,W,G,Q,G,T,Q,V,T,V,S,S,GSTFRYYA,AITRSGAST,AITRSSGAST,AARSKWN---------YGRYEY,GSTFRYYAAITRSGASTAARSKWN---------YGRYEY,GSTFRYYA,AITRSGAST,AARSKWNYGRYEY,AITRSSGAST,GSTFRYYAAITRSGASTAARSKWNYGRYEY,GSTFRYYAAITRSSGASTAARSKWNYGRYEY,GSTFRYYAAITRSSGASTAARSKWN---------YGRYEY,9.98971462249756,-0.8833333333333334,8,9,13,False,False,False,-3.1342264692945534,-2.8488640402039254,1,0.0169662758708,0.0299557168036699,0.0838152691721916,0.0771541744470596,-2.4365727146100187,-2.671418028774512
35,35,G4,G04,27.1071429,32.9695846,73.213375,8,44.430034166666665,-1.2520263601312556,-0.6366257328826104,10.16642246246338,-0.5206896551724138,32,0,alpaca,H,2.5000000000000003e-67,216.1,0,118,,,0.0,,0.0,Q,V,Q,L,V,E,S,G,G,-,G,L,V,Q,A,G,G,S,L,R,L,S,C,A,A,S,G,R,I,F,-,-,-,-,T,G,N,A,M,G,W,Y,R,Q,A,P,G,K,E,R,E,F,V,A,A,I,S,N,S,-,-,G,G,S,T,Y,Y,A,D,S,V,K,-,G,R,F,T,I,S,R,D,N,A,K,N,T,V,Y,L,Q,M,N,S,L,K,P,E,D,T,A,V,Y,Y,C,A,A,S,Y,R,V,-,-,-,-,-,-,-,-,-,-,-,K,W,K,Y,N,Y,W,G,Q,G,T,Q,V,T,V,S,S,GRIFTGNA,AISNSGGST,AISNSSGGST,AASYRV----------KWKYNY,GRIFTGNAAISNSGGSTAASYRV----------KWKYNY,GRIFTGNA,AISNSGGST,AASYRVKWKYNY,AISNSSGGST,GRIFTGNAAISNSGGSTAASYRVKWKYNY,GRIFTGNAAISNSSGGSTAASYRVKWKYNY,GRIFTGNAAISNSSGGSTAASYRV----------KWKYNY,10.16642246246338,-0.5206896551724138,8,9,12,False,False,False,-1.2525485630579505,-0.6366257328826104,1,0.1033717319369316,0.0402999557554721,0.1552550196647644,0.1839466542005539,-0.4196522453373741,-1.037918428064023
36,36,E06',E06',23.2424358,42.7382335,69.9854816,0,45.3220503,-0.7995214931119832,-0.3830313632629647,5.834943199157714,-0.1185185185185185,36,0,alpaca,H,1.7e-66,213.5,0,116,,,0.0,,0.0,Q,V,Q,L,V,E,S,G,G,-,G,L,V,Q,A,G,G,S,L,R,L,S,C,A,A,S,G,G,T,I,-,-,-,-,A,Y,N,A,M,G,W,Y,R,Q,A,P,G,K,E,R,E,L,V,A,A,I,S,S,S,-,-,G,G,R,T,Y,Y,A,D,S,V,K,-,G,R,F,T,I,S,R,D,N,A,K,N,T,V,Y,L,Q,M,N,S,L,K,P,E,D,T,A,V,Y,Y,C,A,T,P,V,T,-,-,-,-,-,-,-,-,-,-,-,-,-,N,G,F,D,Y,W,G,Q,G,T,Q,V,T,V,S,S,GGTIAYNA,AISSSGGRT,AISSSSGGRT,ATPVT------------NGFDY,GGTIAYNAAISSSGGRTATPVT------------NGFDY,GGTIAYNA,AISSSGGRT,ATPVTNGFDY,AISSSSGGRT,GGTIAYNAAISSSGGRTATPVTNGFDY,GGTIAYNAAISSSSGGRTATPVTNGFDY,GGTIAYNAAISSSSGGRTATPVT------------NGFDY,5.834943199157714,-0.1185185185185185,8,9,10,False,False,False,-0.800019703867346,-0.3830313632629647,1,0.001450149458833,0.1187823861837387,0.8045933842658997,0.6516591906547546,0.1943733663253746,0.3474835975419243
37,37,H6,H06,28.659168,39.0677784,73.6419622,12,47.12296953333333,-1.5195311591749254,-0.5351375172906725,9.401891899108886,-0.2117647058823529,34,0,alpaca,H,4.4e-64,205.6,0,123,,,0.0,,0.0,Q,V,Q,L,V,E,S,G,G,-,G,L,V,Q,A,G,G,S,L,R,L,S,C,A,A,S,G,S,I,F,-,-,-,-,Y,T,Y,A,M,G,W,Y,R,Q,A,P,G,K,E,R,E,L,V,A,A,I,T,S,T,-,-,G,A,R,T,Y,Y,A,D,S,V,K,-,G,R,F,T,I,S,R,D,N,A,K,N,T,V,Y,L,Q,M,N,S,L,K,P,E,D,T,A,V,Y,Y,C,N,A,L,S,R,A,G,A,L,-,-,-,-,-,-,K,Y,G,G,P,N,D,Y,W,G,Q,G,T,Q,V,T,V,S,S,GSIFYTYA,AITSTGART,AITSTTGART,NALSRAGAL-----KYGGPNDY,GSIFYTYAAITSTGARTNALSRAGAL-----KYGGPNDY,GSIFYTYA,AITSTGART,NALSRAGALKYGGPNDY,AITSTTGART,GSIFYTYAAITSTGARTNALSRAGALKYGGPNDY,GSIFYTYAAITSTTGARTNALSRAGALKYGGPNDY,GSIFYTYAAITSTTGARTNALSRAGAL-----KYGGPNDY,9.401891899108886,-0.2117647058823529,8,9,17,False,False,False,-1.5188286023857636,-0.5351375172906725,1,0.0160206891596317,0.0857126414775848,0.7278095483779907,0.3683573007583618,-0.7194808541358575,-0.2836151842727177
38,38,B1,B01,27.4883074,49.3736206,67.1187255,10,47.99355116666667,-2.9669249890328784,-1.7852687443524455,9.818551063537598,-0.578125,37,0,alpaca,H,1.9000000000000001e-66,213.3,0,121,,,0.0,,0.0,Q,V,Q,L,V,E,S,G,G,-,G,L,V,Q,A,G,G,S,L,R,L,S,C,A,A,S,G,S,T,F,-,-,-,-,T,N,Y,A,M,G,W,Y,R,Q,A,P,G,K,E,R,E,L,V,A,A,I,S,N,N,-,-,G,G,R,T,Y,Y,A,D,S,V,K,-,G,R,F,T,I,S,R,D,N,A,K,N,T,V,Y,L,Q,M,N,S,L,K,P,E,D,T,A,V,Y,Y,C,N,A,R,I,Y,Q,G,V,-,-,-,-,-,-,-,-,Y,V,R,W,Y,G,Y,W,G,Q,G,T,Q,V,T,V,S,S,GSTFTNYA,AISNNGGRT,AISNNNGGRT,NARIYQGV-------YVRWYGY,GSTFTNYAAISNNGGRTNARIYQGV-------YVRWYGY,GSTFTNYA,AISNNGGRT,NARIYQGVYVRWYGY,AISNNNGGRT,GSTFTNYAAISNNGGRTNARIYQGVYVRWYGY,GSTFTNYAAISNNNGGRTNARIYQGVYVRWYGY,GSTFTNYAAISNNNGGRTNARIYQGV-------YVRWYGY,9.818551063537598,-0.578125,8,9,15,False,False,False,-2.9668776237493333,-1.7852687443524455,1,0.001106230309233,0.1217916309833526,0.5757557153701782,0.5048497915267944,-0.8500737343716165,-0.1244049771493245
39,39,E04',E04',38.0960058,56.0826528,57.4754731,10,50.55137723333333,-1.0322845952370554,-0.4513166480728243,8.299740409851076,-0.3903225806451614,40,0,alpaca,H,8.4e-66,211.2,0,120,,,0.0,,0.0,Q,V,Q,L,V,E,S,G,G,-,G,L,V,Q,A,G,G,S,L,R,L,S,C,A,A,S,G,F,T,F,-,-,-,-,G,S,Y,A,M,G,W,Y,R,Q,A,P,G,K,E,R,E,L,V,A,A,I,T,I,S,-,-,G,S,S,T,Y,Y,A,D,S,V,K,-,G,R,F,T,I,S,R,D,N,A,K,N,T,V,Y,L,Q,M,N,S,L,K,P,E,D,T,A,V,Y,Y,C,N,A,Y,W,G,R,G,-,-,-,-,-,-,-,-,-,Y,K,T,E,Y,Y,Y,W,G,Q,G,T,Q,V,T,V,S,S,GFTFGSYA,AITISGSST,AITISSGSST,NAYWGRG--------YKTEYYY,GFTFGSYAAITISGSSTNAYWGRG--------YKTEYYY,GFTFGSYA,AITISGSST,NAYWGRGYKTEYYY,AITISSGSST,GFTFGSYAAITISGSSTNAYWGRGYKTEYYY,GFTFGSYAAITISSGSSTNAYWGRGYKTEYYY,GFTFGSYAAITISSGSSTNAYWGRG--------YKTEYYY,8.299740409851076,-0.3903225806451614,8,9,14,False,False,False,-1.032377356793973,-0.4513166480728243,1,0.1868980079889297,0.1189124584197998,0.6817214488983154,0.3922086954116821,-0.5357565013620564,-0.343390902864002
40,40,G02',G02',40.1133711,63.0505401,64.6164088,6,55.92677333333334,-0.1113166378527258,0.4185475594728101,8.429837608337404,-0.5000000000000001,41,0,alpaca,H,1.2e-67,217.1,0,116,,,0.0,,0.0,Q,V,Q,L,V,E,S,G,G,-,G,L,V,Q,A,G,G,S,L,R,L,S,C,A,A,S,G,R,I,F,-,-,-,-,S,R,N,A,M,G,W,Y,R,Q,A,P,G,K,E,R,E,L,V,A,A,I,T,Q,S,-,-,G,G,S,T,Y,Y,A,D,S,V,K,-,G,R,F,T,I,S,R,D,N,A,K,N,T,V,Y,L,Q,M,N,S,L,K,P,E,D,T,A,V,Y,Y,C,A,A,V,K,Y,-,-,-,-,-,-,-,-,-,-,-,-,-,W,E,Y,D,Y,W,G,Q,G,T,Q,V,T,V,S,S,GRIFSRNA,AITQSGGST,AITQSSGGST,AAVKY------------WEYDY,GRIFSRNAAITQSGGSTAAVKY------------WEYDY,GRIFSRNA,AITQSGGST,AAVKYWEYDY,AITQSSGGST,GRIFSRNAAITQSGGSTAAVKYWEYDY,GRIFSRNAAITQSSGGSTAAVKYWEYDY,GRIFSRNAAITQSSGGSTAAVKY------------WEYDY,8.429837608337404,-0.5000000000000001,8,9,10,False,False,False,-0.1099790159090297,0.4185475594728101,1,0.591572642326355,0.6263424158096313,0.7656846046447754,0.4540812969207763,-0.1571321885011305,-0.4540289778007285
41,41,H01',H01',35.9057121,70.5604639,92.4206848,13,66.29562026666667,0.8509047773149043,-0.5683305424193368,10.364533805847168,-1.034285714285714,42,0,alpaca,H,1.4999999999999998e-62,200.7,0,124,,,0.0,,0.0,Q,V,Q,L,V,E,S,G,G,-,G,L,V,Q,A,G,G,S,L,R,L,S,C,A,A,S,G,R,I,F,-,-,-,-,G,R,N,T,M,G,W,Y,R,Q,A,P,G,K,E,R,E,L,V,A,A,I,R,S,G,-,-,-,G,S,T,S,Y,A,D,S,V,K,-,G,R,F,T,I,S,R,D,N,A,K,N,T,V,Y,L,Q,M,N,S,L,K,P,E,D,T,A,V,Y,Y,C,N,V,K,S,Y,R,Y,L,K,D,-,-,-,-,G,T,F,T,R,K,Y,D,Y,W,G,Q,G,T,Q,V,T,V,S,S,GRIFGRNT,AIRSG-GST,AIRSGG-GST,NVKSYRYLKD---GTFTRKYDY,GRIFGRNTAIRSG-GSTNVKSYRYLKD---GTFTRKYDY,GRIFGRNT,AIRSGGST,NVKSYRYLKDGTFTRKYDY,AIRSGGGST,GRIFGRNTAIRSGGSTNVKSYRYLKDGTFTRKYDY,GRIFGRNTAIRSGGGSTNVKSYRYLKDGTFTRKYDY,GRIFGRNTAIRSGG-GSTNVKSYRYLKD---GTFTRKYDY,10.364533805847168,-1.034285714285714,8,8,19,False,False,False,0.8498952625493403,-0.5683305424193368,1,0.5900272727012634,0.4971407651901245,0.1090604290366172,0.2916037142276764,-1.4346982389702183,-1.9455943674156144
42,42,E10',E10',47.5362706,76.176655,79.1899607,8,67.63429543333334,-1.823924842275669,-2.7288735739128853,9.818551063537598,-0.6214285714285713,44,0,alpaca,H,3.4999999999999997e-68,218.9,0,117,,,0.0,,0.0,Q,V,Q,L,V,E,S,G,G,-,G,L,V,Q,A,G,G,S,L,R,L,S,C,A,A,S,G,R,I,F,-,-,-,-,S,H,Y,A,M,G,W,Y,R,Q,A,P,G,K,E,R,E,F,V,A,A,I,S,A,D,-,-,G,G,S,T,Y,Y,A,D,S,V,K,-,G,R,F,T,I,S,R,D,N,A,K,N,T,V,Y,L,Q,M,N,S,L,K,P,E,D,T,A,V,Y,Y,C,A,A,R,K,Y,Y,-,-,-,-,-,-,-,-,-,-,-,-,R,T,N,G,Y,W,G,Q,G,T,Q,V,T,V,S,S,GRIFSHYA,AISADGGST,AISADDGGST,AARKYY-----------RTNGY,GRIFSHYAAISADGGSTAARKYY-----------RTNGY,GRIFSHYA,AISADGGST,AARKYYRTNGY,AISADDGGST,GRIFSHYAAISADGGSTAARKYYRTNGY,GRIFSHYAAISADDGGSTAARKYYRTNGY,GRIFSHYAAISADDGGSTAARKYY-----------RTNGY,9.818551063537598,-0.6214285714285713,8,9,11,False,False,False,-1.8218442883444623,-2.7288735739128853,1,0.008113726042211,0.1060801669955253,0.2826427221298218,0.5870335698127747,-0.7670842310470354,-0.7444979781555224
43,43,F04',F04',68.288649,48.128038,92.1668979,11,69.52786163333333,-0.9418231965313324,-1.4792280991690998,9.228536415100098,-0.4968750000000001,38,0,alpaca,H,7.5e-67,214.6,0,121,,,0.0,,0.0,Q,V,Q,L,V,E,S,G,G,-,G,L,V,Q,A,G,G,S,L,R,L,S,C,A,A,S,G,S,I,F,-,-,-,-,R,Y,Y,A,M,G,W,Y,R,Q,A,P,G,K,E,R,E,L,V,A,A,I,N,S,R,-,-,G,T,S,T,Y,Y,A,D,S,V,K,-,G,R,F,T,I,S,R,D,N,A,K,N,T,V,Y,L,Q,M,N,S,L,K,P,E,D,T,A,V,Y,Y,C,N,K,L,V,Y,R,Y,G,-,-,-,-,-,-,-,-,S,Y,L,E,M,D,Y,W,G,Q,G,T,Q,V,T,V,S,S,GSIFRYYA,AINSRGTST,AINSRRGTST,NKLVYRYG-------SYLEMDY,GSIFRYYAAINSRGTSTNKLVYRYG-------SYLEMDY,GSIFRYYA,AINSRGTST,NKLVYRYGSYLEMDY,AINSRRGTST,GSIFRYYAAINSRGTSTNKLVYRYGSYLEMDY,GSIFRYYAAINSRRGTSTNKLVYRYGSYLEMDY,GSIFRYYAAINSRRGTSTNKLVYRYG-------SYLEMDY,9.228536415100098,-0.4968750000000001,8,9,15,False,False,False,-0.942787322250508,-1.4792280991690998,1,0.0946447700262069,0.228655070066452,0.918091356754303,0.2111572921276092,-2.474107707547455,-1.7083279962101436
44,44,F07',F07',72.7206748,73.5318277,76.5450241,0,74.2658422,-3.527733086788887,-3.877799689366608,9.98700695037842,-0.8781250000000002,43,0,alpaca,H,2.1e-65,210.0,0,121,,,0.0,,0.0,Q,V,Q,L,V,E,S,G,G,-,G,L,V,Q,A,G,G,S,L,R,L,S,C,A,A,S,G,F,T,F,-,-,-,-,N,R,Y,A,M,G,W,Y,R,Q,A,P,G,K,E,R,E,L,V,A,A,I,S,G,S,-,-,G,A,S,T,Y,Y,A,D,S,V,K,-,G,R,F,T,I,S,R,D,N,A,K,N,T,V,Y,L,Q,M,N,S,L,K,P,E,D,T,A,V,Y,Y,C,A,T,R,Y,S,R,S,Y,-,-,-,-,-,-,-,-,R,S,R,D,Y,Y,Y,W,G,Q,G,T,Q,V,T,V,S,S,GFTFNRYA,AISGSGAST,AISGSSGAST,ATRYSRSY-------RSRDYYY,GFTFNRYAAISGSGASTATRYSRSY-------RSRDYYY,GFTFNRYA,AISGSGAST,ATRYSRSYRSRDYYY,AISGSSGAST,GFTFNRYAAISGSGASTATRYSRSYRSRDYYY,GFTFNRYAAISGSSGASTATRYSRSYRSRDYYY,GFTFNRYAAISGSSGASTATRYSRSY-------RSRDYYY,9.98700695037842,-0.8781250000000002,8,9,15,False,False,False,-3.529049549694226,-3.877799689366608,1,0.0085633778944611,0.0631430894136428,0.1678909063339233,0.081695832312107,-3.045939128170897,-2.894955910104505
45,45,G09',G09',58.0561378,87.841252,86.0196801,7,77.30568996666666,-2.910960173069708,-3.674899096822272,10.931533241271977,-0.2259259259259259,45,0,alpaca,H,6.7e-66,211.5,0,116,,,0.0,,0.0,Q,V,Q,L,V,E,S,G,G,-,G,L,V,Q,A,G,G,S,L,R,L,S,C,A,A,S,G,I,T,F,-,-,-,-,Q,R,Y,A,M,G,W,Y,R,Q,A,P,G,K,E,R,E,L,V,A,S,I,S,R,S,-,-,G,G,S,T,Y,Y,A,D,S,V,K,-,G,R,F,T,I,S,R,D,N,A,K,N,T,V,Y,L,Q,M,N,S,L,K,P,E,D,T,A,V,Y,Y,C,A,A,R,Y,I,-,-,-,-,-,-,-,-,-,-,-,-,-,V,R,G,G,Y,W,G,Q,G,T,Q,V,T,V,S,S,GITFQRYA,SISRSGGST,SISRSSGGST,AARYI------------VRGGY,GITFQRYASISRSGGSTAARYI------------VRGGY,GITFQRYA,SISRSGGST,AARYIVRGGY,SISRSSGGST,GITFQRYASISRSGGSTAARYIVRGGY,GITFQRYASISRSSGGSTAARYIVRGGY,GITFQRYASISRSSGGSTAARYI------------VRGGY,10.931533241271977,-0.2259259259259259,8,9,10,False,False,False,-2.911581489458845,-3.674899096822272,1,0.0006494836998172,0.0187442898750305,0.0533550418913364,0.066739521920681,-2.120604128537168,-2.2047993241269954
46,46,E05',E05',68.016137,106.861814,100.0,8,91.62598366666668,-2.84789298226908,-2.451062336307219,9.306929969787596,-0.1076923076923076,47,0,alpaca,H,2.5e-64,206.4,0,115,,,0.0,,0.0,Q,V,Q,L,V,E,S,G,G,-,G,L,V,Q,A,G,G,S,L,R,L,S,C,A,A,S,G,Y,I,F,-,-,-,-,V,K,Y,A,M,G,W,Y,R,Q,A,P,G,K,E,R,E,L,V,A,A,I,S,R,S,-,-,G,V,R,T,Y,Y,A,D,S,V,K,-,G,R,F,T,I,S,R,D,N,A,K,N,T,V,Y,L,Q,M,N,S,L,K,P,E,D,T,A,V,Y,Y,C,N,A,Y,F,Y,-,-,-,-,-,-,-,-,-,-,-,-,-,-,A,N,D,Y,W,G,Q,G,T,Q,V,T,V,S,S,GYIFVKYA,AISRSGVRT,AISRSSGVRT,NAYFY-------------ANDY,GYIFVKYAAISRSGVRTNAYFY-------------ANDY,GYIFVKYA,AISRSGVRT,NAYFYANDY,AISRSSGVRT,GYIFVKYAAISRSGVRTNAYFYANDY,GYIFVKYAAISRSSGVRTNAYFYANDY,GYIFVKYAAISRSSGVRTNAYFY-------------ANDY,9.306929969787596,-0.1076923076923076,8,9,9,False,False,False,-2.848294856572456,-2.451062336307219,1,0.081921562552452,0.1325549334287643,0.132078930735588,0.2064975947141647,-2.401740770792428,-1.9640924996119904
47,47,F02',F02',100.0,100.0,97.5766701,0,99.19222336666668,-2.527461014580799,-1.728444508497578,9.524446296691895,-0.5035714285714284,46,0,alpaca,H,8.4e-66,211.2,0,117,,,0.0,,0.0,Q,V,Q,L,V,E,S,G,G,-,G,L,V,Q,A,G,G,S,L,R,L,S,C,A,A,S,G,S,T,F,-,-,-,-,S,R,N,T,M,G,W,Y,R,Q,A,P,G,K,E,R,E,L,V,A,A,I,S,K,S,-,-,G,G,R,T,Y,Y,A,D,S,V,K,-,G,R,F,T,I,S,R,D,N,A,K,N,T,V,Y,L,Q,M,N,S,L,K,P,E,D,T,A,V,Y,Y,C,N,A,A,V,Y,A,-,-,-,-,-,-,-,-,-,-,-,-,Y,A,S,D,Y,W,G,Q,G,T,Q,V,T,V,S,S,GSTFSRNT,AISKSGGRT,AISKSSGGRT,NAAVYA-----------YASDY,GSTFSRNTAISKSGGRTNAAVYA-----------YASDY,GSTFSRNT,AISKSGGRT,NAAVYAYASDY,AISKSSGGRT,GSTFSRNTAISKSGGRTNAAVYAYASDY,GSTFSRNTAISKSSGGRTNAAVYAYASDY,GSTFSRNTAISKSSGGRTNAAVYA-----------YASDY,9.524446296691895,-0.5035714285714284,8,9,11,False,False,False,-2.5274561174720387,-1.728444508497578,1,0.0188458357006311,0.0567843839526176,0.2972642779350281,0.2029695212841034,-1.6608810782228107,-1.2358312916841103
